county,fips5,ag_district,baseline_yield,d_S1 Baseline,d_S2 +1C,d_S3 -10% precip,d_S4 +1C and -10% precip,d_S5 +2C,d_S6 +2C and -20% precip,pct_S4
ADAMS,17001,WEST,42.7372,0.0,-0.3143,-0.3445,-0.744,-0.9451,-2.4843,-1.7409
BOND,17005,WEST SOUTHWEST,38.5907,0.0,-0.0889,-0.0697,-0.4957,-0.5482,-2.0227,-1.2846
BOONE,17007,NORTHEAST,46.5783,0.0,-0.187,-0.2295,-0.461,-0.2526,-1.2141,-0.9896
BROWN,17009,WEST,43.6044,0.0,-0.4132,-0.322,-0.7891,-1.0377,-2.3623,-1.8098
BUREAU,17011,NORTHWEST,51.3043,0.0,-0.2837,-0.2494,-0.4752,-0.6193,-1.8052,-0.9263
CALHOUN,17013,WEST SOUTHWEST,42.2833,0.0,-0.4649,-0.5191,-0.9992,-0.7217,-2.2326,-2.363
CARROLL,17015,NORTHWEST,53.6891,0.0,-0.0855,0.0021,-0.3027,-0.0271,-1.1964,-0.5638
CASS,17017,WEST SOUTHWEST,47.2023,0.0,-0.3885,-0.4967,-1.043,-0.9446,-2.7752,-2.2097
CHAMPAIGN,17019,EAST,50.9205,0.0,0.2203,-0.0331,-0.2391,-0.164,-1.6188,-0.4695
CHRISTIAN,17021,WEST SOUTHWEST,50.5791,0.0,-0.0522,-0.0912,-0.5242,-0.7494,-2.3075,-1.0364
CLARK,17023,EAST SOUTHEAST,44.8977,0.0,0.2122,0.1111,-0.109,-0.4309,-1.6091,-0.2429
CLAY,17025,EAST SOUTHEAST,36.8326,0.0,-0.5585,-0.1588,-0.7868,-1.0359,-1.8496,-2.1361
CLINTON,17027,SOUTHWEST,39.0711,0.0,-0.8322,-0.6229,-1.2883,-1.1002,-2.4141,-3.2973
COLES,17029,EAST SOUTHEAST,49.1884,0.0,-0.0962,-0.2315,-0.6015,-0.619,-1.9464,-1.2229
CRAWFORD,17033,EAST SOUTHEAST,42.3043,0.0,-0.0957,-0.0262,-0.4343,-0.613,-1.7287,-1.0265
CUMBERLAND,17035,EAST SOUTHEAST,43.7279,0.0,-0.1846,-0.1857,-0.5673,-0.8161,-1.9956,-1.2974
DE KALB,17037,NORTHEAST,50.4911,0.0,0.1965,0.1727,-0.0799,-0.0112,-1.1812,-0.1582
DOUGLAS,17041,EAST SOUTHEAST,51.5889,0.0,0.1608,0.0001,-0.371,-0.3298,-2.0069,-0.7191
EDGAR,17045,EAST SOUTHEAST,49.7733,0.0,0.4904,0.3425,0.0653,0.0948,-1.1938,0.1312
EDWARDS,17047,SOUTHEAST,39.6643,0.0,-0.7968,-0.4355,-1.254,-1.0556,-2.0934,-3.1615
EFFINGHAM,17049,EAST SOUTHEAST,42.5804,0.0,-0.0763,-0.0816,-0.4572,-0.7032,-1.7428,-1.0737
FAYETTE,17051,EAST SOUTHEAST,38.8045,0.0,-0.0809,0.0927,-0.372,-0.6329,-1.7366,-0.9587
FORD,17053,EAST,46.9795,0.0,0.1547,-0.3619,-0.4964,-0.0178,-1.7034,-1.0567
FRANKLIN,17055,SOUTHEAST,35.1152,0.0,-0.9576,-0.5831,-1.3804,-1.2529,-2.5453,-3.931
FULTON,17057,WEST,46.8717,0.0,-0.5914,-0.548,-1.1902,-0.9838,-2.8604,-2.5394
GALLATIN,17059,SOUTHEAST,39.9767,0.0,-0.4636,-0.1508,-0.9389,-0.7023,-1.8552,-2.3485
GREENE,17061,WEST SOUTHWEST,47.6267,0.0,-0.9604,-0.8115,-1.6771,-1.3092,-2.812,-3.5213
GRUNDY,17063,NORTHEAST,45.8136,0.0,-0.3941,-0.2961,-0.7006,-0.4066,-1.834,-1.5292
HANCOCK,17067,WEST,47.0477,0.0,-0.1222,-0.2516,-0.6867,-0.655,-2.5667,-1.4596
HENDERSON,17071,WEST,49.2386,0.0,-0.6286,-0.6684,-1.1808,-0.9823,-2.7076,-2.3982
HENRY,17073,NORTHWEST,49.9068,0.0,-0.3677,-0.1863,-0.5866,-0.59,-1.7571,-1.1754
IROQUOIS,17075,EAST,47.1674,0.0,0.2635,0.179,-0.213,0.0456,-1.5474,-0.4517
JACKSON,17077,SOUTHWEST,36.5047,0.0,-1.1444,-1.1629,-1.9218,-1.3969,-3.021,-5.2646
JASPER,17079,EAST SOUTHEAST,41.8705,0.0,-0.2484,-0.1883,-0.5047,-0.8477,-2.0286,-1.2053
JEFFERSON,17081,SOUTHEAST,34.1848,0.0,-0.6832,-0.5334,-1.2082,-1.0389,-2.1935,-3.5343
JERSEY,17083,WEST SOUTHWEST,44.4186,0.0,-0.4657,-0.1762,-0.8288,-0.8544,-2.1022,-1.8658
JO DAVIESS,17085,NORTHWEST,48.1356,0.0,-0.533,-0.6352,-0.9375,-0.4677,-1.7037,-1.9475
KANE,17089,NORTHEAST,48.1913,0.0,0.4861,0.4343,0.1902,0.1458,-1.2268,0.3946
KANKAKEE,17091,EAST,44.2295,0.0,0.0929,0.1734,-0.2394,-0.0223,-1.829,-0.5412
KNOX,17095,WEST,51.9826,0.0,-0.1798,-0.0555,-0.4056,-0.5018,-1.7913,-0.7803
LA SALLE,17099,NORTHEAST,49.1956,0.0,-0.269,-0.1826,-0.5417,-0.5374,-1.9283,-1.1012
LAKE,17097,NORTHEAST,37.1233,0.0,0.6168,0.1636,0.2018,0.1272,-1.2549,0.5435
LAWRENCE,17101,EAST SOUTHEAST,40.6044,0.0,-0.3994,-0.2713,-0.9084,-0.8078,-1.9687,-2.2371
LEE,17103,NORTHWEST,49.3432,0.0,-0.0609,-0.0849,-0.2658,-0.2237,-1.3176,-0.5386
LIVINGSTON,17105,EAST,48.2065,0.0,0.1063,-0.0277,-0.3454,-0.143,-1.9911,-0.7165
LOGAN,17107,CENTRAL,51.1372,0.0,0.0004,-0.2077,-0.5539,-0.4327,-2.1125,-1.0832
MACON,17115,CENTRAL,52.3933,0.0,0.0712,0.0419,-0.444,-0.4026,-2.1275,-0.8475
MACOUPIN,17117,WEST SOUTHWEST,46.8065,0.0,-0.0873,0.0233,-0.5047,-0.5722,-2.0205,-1.0782
MADISON,17119,WEST SOUTHWEST,42.0,0.0,-0.2657,-0.2163,-0.7006,-0.5772,-1.7248,-1.6681
MARION,17121,EAST SOUTHEAST,37.8565,0.0,-0.4445,-0.3613,-0.9814,-0.9069,-2.0816,-2.5925
MARSHALL,17123,CENTRAL,49.2932,0.0,-0.1186,-0.2243,-0.7032,-0.4406,-2.1757,-1.4266
MASON,17125,CENTRAL,45.5244,0.0,-0.534,-0.6586,-1.1805,-1.2132,-3.0194,-2.5931
MASSAC,17127,SOUTHEAST,35.7068,0.0,-0.8906,-0.7659,-1.2252,-0.9935,-1.933,-3.4312
MCDONOUGH,17109,WEST,49.4558,0.0,-0.5974,-0.8256,-1.2274,-1.02,-2.8024,-2.4818
MCLEAN,17113,CENTRAL,52.4457,0.0,0.0667,-0.1324,-0.3467,-0.253,-1.9133,-0.661
MENARD,17129,CENTRAL,49.0953,0.0,-0.2707,-0.2644,-0.6523,-0.7648,-2.3853,-1.3286
MERCER,17131,NORTHWEST,49.0698,0.0,-0.6012,-0.5278,-0.8712,-0.861,-2.2598,-1.7755
MONROE,17133,SOUTHWEST,39.0783,0.0,-0.3356,-0.329,-0.8902,-0.4874,-1.8181,-2.2779
MONTGOMERY,17135,WEST SOUTHWEST,45.4068,0.0,-0.2347,-0.1902,-0.612,-0.8149,-2.0641,-1.3477
MORGAN,17137,WEST SOUTHWEST,50.6523,0.0,-0.4562,-0.4401,-0.9809,-1.1365,-2.484,-1.9365
MOULTRIE,17139,EAST SOUTHEAST,51.3067,0.0,0.0022,0.0049,-0.4458,-0.4995,-2.1933,-0.869
OGLE,17141,NORTHWEST,49.2341,0.0,-0.523,-0.2549,-0.475,-0.6048,-1.3718,-0.9649
PEORIA,17143,CENTRAL,50.5261,0.0,-0.2239,-0.2929,-0.7942,-0.5612,-2.397,-1.5719
PERRY,17145,SOUTHWEST,34.3935,0.0,-0.9089,-0.6465,-1.4549,-1.1528,-2.3566,-4.2302
PIATT,17147,EAST,54.4289,0.0,0.2344,0.115,-0.1943,-0.2541,-1.981,-0.3569
PIKE,17149,WEST SOUTHWEST,43.619,0.0,-0.5883,-0.5634,-1.2654,-1.031,-2.4709,-2.9011
PULASKI,17153,SOUTHWEST,37.5578,0.0,-1.1748,-1.0967,-1.6198,-1.1998,-2.4542,-4.3127
PUTNAM,17155,NORTHWEST,49.6419,0.0,-0.4148,-0.2683,-0.8954,-0.5491,-2.0422,-1.8036
RANDOLPH,17157,SOUTHWEST,37.0043,0.0,-0.6009,-0.5904,-1.2616,-0.7543,-2.0589,-3.4092
RICHLAND,17159,EAST SOUTHEAST,37.9318,0.0,-0.3423,-0.3289,-0.7797,-0.8691,-1.9956,-2.0557
ROCK ISLAND,17161,NORTHWEST,49.0,0.0,-0.4538,-0.2564,-0.7246,-0.801,-2.0777,-1.4788
SALINE,17165,SOUTHEAST,37.6048,0.0,-0.5841,-0.2239,-1.0617,-0.8152,-2.0559,-2.8233
SANGAMON,17167,WEST SOUTHWEST,53.4217,0.0,-0.0525,-0.173,-0.6013,-0.6556,-2.3062,-1.1255
SCHUYLER,17169,WEST,43.9488,0.0,-0.3582,-0.4348,-0.8678,-0.7918,-2.5612,-1.9746
SCOTT,17171,WEST SOUTHWEST,45.631,0.0,-0.9535,-0.6833,-1.4641,-1.4913,-2.7695,-3.2086
SHELBY,17173,EAST SOUTHEAST,45.9178,0.0,0.2163,0.0585,-0.1947,-0.4918,-1.9056,-0.4239
ST CLAIR,17163,SOUTHWEST,40.4348,0.0,-0.6155,-0.4345,-1.1465,-0.8114,-2.1313,-2.8354
STARK,17175,CENTRAL,52.2341,0.0,-0.2936,-0.1638,-0.5512,-0.3862,-1.6731,-1.0552
STEPHENSON,17177,NORTHWEST,49.8283,0.0,-0.2605,-0.2365,-0.5646,-0.1498,-1.24,-1.1332
TAZEWELL,17179,CENTRAL,53.0022,0.0,-0.2972,-0.2798,-0.7438,-0.6389,-2.4336,-1.4034
VERMILION,17183,EAST,49.5467,0.0,0.4343,0.3805,0.0921,0.3207,-1.3865,0.1859
WABASH,17185,SOUTHEAST,41.75,0.0,-0.561,-0.2202,-1.0184,-0.8864,-1.951,-2.4393
WARREN,17187,WEST,51.2,0.0,-0.7743,-0.5105,-0.9517,-0.8723,-1.8661,-1.8587
WASHINGTON,17189,SOUTHWEST,36.5761,0.0,-1.0203,-0.7411,-1.5268,-1.301,-2.5226,-4.1742
WAYNE,17191,SOUTHEAST,36.7467,0.0,-0.7603,-0.5009,-1.2233,-0.9982,-2.255,-3.3291
WHITE,17193,SOUTHEAST,39.62,0.0,-0.7312,-0.4115,-1.1855,-0.961,-1.956,-2.9923
WHITESIDE,17195,NORTHWEST,49.6705,0.0,-0.1594,-0.0666,-0.4623,-0.2927,-1.6743,-0.9306
WILL,17197,NORTHEAST,43.6822,0.0,0.3092,0.4567,-0.0117,0.1365,-1.2852,-0.0268
WILLIAMSON,17199,SOUTHWEST,33.8977,0.0,-0.8483,-0.5734,-1.3554,-1.0759,-2.4082,-3.9984
WINNEBAGO,17201,NORTHWEST,45.2391,0.0,-0.3509,-0.3738,-0.6451,-0.4257,-1.6863,-1.4259
WOODFORD,17203,CENTRAL,52.3152,0.0,-0.18,-0.275,-0.6633,-0.4224,-2.2042,-1.268
